{"filename":"data.json","collections":[{"name":"bookings","data":[{"name":"Gao Jin888","numTickets":"3","email":"8989889@qq.com","team":"JLA","superhero":"Green Lantern","message":"vvvvvvvvvvvvvvvvvvvv","payment":"Paypal","meta":{"revision":3,"created":1633426781722,"version":0,"updated":1634026164894},"$loki":2},{"name":"SHAO Zhaotian SHAO","numTickets":2,"email":"1024647721@qq.com","team":"Avengers","superhero":"Thor","message":"aaaaaaaaaaaaaaa","payment":"Credit Card","meta":{"revision":0,"created":1633426940492,"version":0},"$loki":3},{"name":"meimei","numTickets":1,"email":"meimeihello@123.com","team":"Avengers","superhero":"Hawkeye","message":"ddddddddddddddddd","payment":"Credit Card","meta":{"revision":0,"created":1634028417585,"version":0},"$loki":4}],"idIndex":null,"binaryIndices":{},"constraints":null,"uniqueNames":[],"transforms":{},"objType":"bookings","dirty":false,"cachedIndex":null,"cachedBinaryIndex":null,"cachedData":null,"adaptiveBinaryIndices":true,"transactional":false,"cloneObjects":false,"cloneMethod":"parse-stringify","asyncListeners":false,"disableMeta":false,"disableChangesApi":true,"disableDeltaChangesApi":true,"autoupdate":false,"serializableIndices":true,"disableFreeze":true,"ttl":null,"maxId":4,"DynamicViews":[],"events":{"insert":[],"update":[],"pre-insert":[],"pre-update":[],"close":[],"flushbuffer":[],"error":[],"delete":[null],"warning":[null]},"changes":[],"dirtyIds":[]}],"databaseVersion":1.5,"engineVersion":1.5,"autosave":true,"autosaveInterval":4000,"autosaveHandle":null,"throttledSaves":true,"options":{"autoload":true,"autosave":true,"autosaveInterval":4000,"serializationMethod":"normal","destructureDelimiter":"$<\n","recursiveWait":true,"recursiveWaitLimit":false,"recursiveWaitLimitDuration":2000,"started":1634028331512},"persistenceMethod":"fs","persistenceAdapter":null,"verbose":false,"events":{"init":[null],"loaded":[],"flushChanges":[],"close":[],"changes":[],"warning":[]},"ENV":"NODEJS"}