{"filename":"data.json","collections":[{"name":"bookings","data":[{"name":"SHAO Zhaotian SHAO","numTickets":2,"email":"1024647721@qq.com","team":"Avengers","superhero":"Iron Man","message":"bbbbbbbbbbbbbbbbbbb","payment":"Credit Card","meta":{"revision":0,"created":1633426550500,"version":0},"$loki":1},{"name":"SHAO Zhaotian SHAO","numTickets":2,"email":"1024647721@qq.com","team":"Avengers","superhero":"Iron Man","message":"sssssssssssssssssssss","payment":"Credit Card","meta":{"revision":0,"created":1633426781722,"version":0},"$loki":2},{"name":"SHAO Zhaotian SHAO","numTickets":2,"email":"1024647721@qq.com","team":"Avengers","superhero":"Thor","message":"aaaaaaaaaaaaaaa","payment":"Credit Card","meta":{"revision":0,"created":1633426940492,"version":0},"$loki":3}],"idIndex":null,"binaryIndices":{},"constraints":null,"uniqueNames":[],"transforms":{},"objType":"bookings","dirty":false,"cachedIndex":null,"cachedBinaryIndex":null,"cachedData":null,"adaptiveBinaryIndices":true,"transactional":false,"cloneObjects":false,"cloneMethod":"parse-stringify","asyncListeners":false,"disableMeta":false,"disableChangesApi":true,"disableDeltaChangesApi":true,"autoupdate":false,"serializableIndices":true,"disableFreeze":true,"ttl":null,"maxId":3,"DynamicViews":[],"events":{"insert":[],"update":[],"pre-insert":[],"pre-update":[],"close":[],"flushbuffer":[],"error":[],"delete":[null],"warning":[null]},"changes":[],"dirtyIds":[]}],"databaseVersion":1.5,"engineVersion":1.5,"autosave":true,"autosaveInterval":4000,"autosaveHandle":null,"throttledSaves":true,"options":{"autoload":true,"autosave":true,"autosaveInterval":4000,"serializationMethod":"normal","destructureDelimiter":"$<\n","recursiveWait":true,"recursiveWaitLimit":false,"recursiveWaitLimitDuration":2000,"started":1633426919626},"persistenceMethod":"fs","persistenceAdapter":null,"verbose":false,"events":{"init":[null],"loaded":[],"flushChanges":[],"close":[],"changes":[],"warning":[]},"ENV":"NODEJS"}